<?xml version="1.0" encoding="UTF-8" standalone="yes"?>
<addon id="repository.SpudTV" name="Spud TV" version="1.0" provider-name="Spudnutz">
	<extension point="xbmc.addon.repository" name="Spud TV">
		<info compressed="false">https://raw.githubusercontent.com/spudnutz/SpudTV/master/addons.xml</info>
		<checksum>https://raw.githubusercontent.com/spudnutz/SpudTV/master/addons.xml.md5</checksum>
		<datadir zip="true">https://raw.githubusercontent.com/spudnutz/SpudTV/master</datadir>
	</extension>
	<extension point="xbmc.addon.metadata">
		<summary>Spud TV</summary>
		<description>Above the Rest! - Second to None!</description>
		<platform>all</platform>
	</extension>
</addon>

